{"cameraMode":{"drawMode":0,"name":"Shaded","section":"Shading Mode"},"sceneLighting":true,"audioPlay":false,"sceneViewState":{"m_AlwaysRefresh":true,"showFog":true,"showSkybox":true,"showFlares":true,"showImageEffects":true,"showParticleSystems":true,"showVisualEffectGraphs":true,"m_FxEnabled":true},"in2DMode":false,"pivot":{"x":-0.21457834541797639,"y":0.9695356488227844,"z":-2.575839042663574},"rotation":{"x":0.17517247796058656,"y":-0.3358708620071411,"z":0.06372436881065369,"w":0.923279345035553},"size":4.040541648864746,"orthographic":true}